{"cameraMode":{"drawMode":0,"name":"Shaded","section":"Shading Mode"},"sceneLighting":true,"audioPlay":false,"sceneViewState":{"showFog":true,"showMaterialUpdate":false,"showSkybox":true,"showFlares":true,"showImageEffects":true,"showParticleSystems":true},"in2DMode":false,"pivot":{"x":-27.1299991607666,"y":1.4845349788665772,"z":-1.3095699548721314},"rotation":{"x":-0.02373455837368965,"y":0.6943196058273315,"z":0.022918682545423509,"w":0.7189101576805115},"size":22.0,"orthographic":true}